cl,rt,wm,eq
394.5479,340.6036,1.5212935,39.220715
386.34042,278.84058,1.9814947,39.19512
437.21225,520.28296,1.4336425,39.44614
346.49445,392.56418,17.386406,32.10877
378.06738,586.4651,20.535595,42.982193
375.39874,580.9881,20.924358,42.72711
384.62384,275.13992,6.8540263,39.96346
389.38745,294.41904,2.319088,38.969803
311.8351,201.00078,15.274317,38.394485
351.07483,382.90723,17.685184,32.22653
377.93884,652.02606,10.606872,44.935867
400.97614,337.86728,1.4757425,38.851765
381.08722,451.88498,18.392235,43.221367
348.61722,377.92465,17.88891,32.34335
347.23517,391.47574,17.802662,32.192223
390.45947,304.3353,2.4983487,39.058052
375.11844,486.1121,20.623806,39.1337
420.03516,426.39017,0.5161649,39.156742
342.76047,415.35208,17.457056,33.088337
381.93448,234.19308,11.261297,41.94191
377.17938,434.77112,19.594872,36.004093
383.00482,288.2947,4.938388,38.893982
329.4464,377.30112,17.028486,31.95391
348.51443,383.4403,17.707607,32.11959
376.91486,305.11572,15.792543,41.862064
366.83725,515.22504,20.083588,42.555614
407.2957,381.1229,2.0923476,39.085117
392.8265,556.01074,17.15686,44.955105
382.7875,274.01578,2.8423297,39.05317
422.96545,456.77954,2.160162,39.472996
397.83936,327.2568,0.9690231,39.28649
331.9682,355.74612,17.311249,36.146603
338.98102,379.1584,17.57061,32.208
388.55164,282.7773,9.541579,40.95582
364.76663,411.21808,19.05672,35.521328
377.92197,617.79565,19.103022,42.94033
350.61093,381.7361,17.61258,32.307724
333.0129,375.9424,17.021992,32.18411
409.44684,384.80017,0.80892444,39.37366
339.30933,391.89844,17.607298,32.09675
387.78043,313.3713,4.0571632,38.85805
399.06726,351.3599,2.9359972,39.125904
354.5025,475.35168,16.362305,35.076218
376.99234,467.3702,18.96657,36.287075
391.10208,574.41473,13.562908,45.010296
418.84964,434.186,0.37475646,39.778717
342.24808,384.1626,17.726604,32.25442
391.50528,285.4259,11.691282,42.013016
390.0357,530.9836,11.378659,44.576233
397.14087,764.2402,9.065068,45.108532
339.28195,402.6506,18.67273,37.871033
388.0476,667.98883,9.1991005,44.870525
384.75278,487.08838,8.17547,43.553757
357.31564,205.72261,15.050344,41.041252
385.0108,262.787,7.10557,40.178394
388.6939,271.4241,11.920792,42.155956
354.70505,368.8756,17.554,32.826675
365.74646,677.67535,11.835754,42.967648
384.24942,267.39362,9.242038,40.75209
358.05283,386.73315,18.322414,35.69095
370.16827,359.94327,16.899565,41.9495
373.51,419.4699,19.336315,35.310703
362.99075,408.0627,18.8476,35.9919
374.28024,663.8302,10.839072,43.944427
380.32587,258.99652,3.1408749,38.841293
390.46515,271.50082,8.611633,40.810635
387.94952,285.4599,2.5618782,39.345516
350.18805,379.11804,17.68096,32.29077
421.13724,431.34802,1.013332,39.392326
360.34637,636.9832,11.878763,41.72642
385.8221,624.2891,17.343979,44.86895
382.91098,637.0059,17.395344,44.51627
318.8264,392.54675,16.36959,31.439432
378.5647,481.1188,20.442902,38.292374
349.79138,263.555,16.283072,40.781895
400.83377,570.97504,6.4601574,43.680286
390.4242,310.55798,8.800912,41.63392
340.2827,250.34555,15.914621,39.914642
360.18082,460.41998,19.805454,38.574768
406.83142,679.46387,6.720099,45.65594
382.40933,277.954,6.6057196,40.314156
363.0555,645.95557,11.356791,39.803905
401.51807,632.2931,8.239402,44.854485
340.84332,391.45892,17.58603,32.006184
385.03406,303.5514,4.2660723,38.826572
391.25665,340.8199,4.466253,38.85997
415.53415,416.78305,1.568498,38.860928
392.30948,314.10077,3.0526602,38.78068
381.5944,255.88759,6.2208076,40.00868
374.76373,567.43176,20.689884,41.131104
391.103,446.2223,10.247641,43.70141
381.68204,268.13022,3.2611156,39.077316
390.19608,640.343,16.30376,45.637444
380.05316,253.7143,4.7319765,39.5654
384.14862,296.22238,4.1134233,38.659187
341.96243,368.1279,18.088085,40.308315
387.80463,310.7177,14.204121,42.14628
384.8568,254.86557,5.5136514,39.99188
375.54547,533.87854,19.336002,43.213257
343.97305,407.32993,17.609098,32.093056
377.79617,229.85524,14.149197,42.084984
385.23773,651.46277,14.599179,45.75868
306.35715,299.6139,16.133492,36.090588
363.9701,510.42935,20.743908,40.24465
375.88324,424.1831,19.475998,35.646122
374.36377,645.34015,12.258687,44.76827
341.2415,398.4825,17.481024,31.983025
370.2084,603.4791,15.061035,39.976543
380.78702,626.6209,18.722622,44.77287
348.76782,385.31763,18.092573,32.49047
313.84875,188.1987,15.151279,38.28337
357.28168,655.64355,10.659874,39.91515
382.5582,244.69547,5.5060434,39.766174
324.3224,391.99512,16.673126,31.406456
332.30026,375.47766,16.017046,32.26742
387.1026,515.95526,20.943836,39.753475
368.03177,646.54565,14.004836,42.022717
394.38562,556.6411,16.687843,44.915257
390.4137,320.8708,3.9203444,38.97223
366.96896,567.23865,15.447147,38.06773
379.413,258.92255,3.8071952,39.226917
399.7968,340.2392,1.9833341,38.93685
382.32278,596.8605,19.232595,40.862015
390.275,294.9381,1.41509,39.15235
384.97333,259.6224,9.10885,41.05942
380.12167,585.4887,20.855564,43.83114
423.07593,475.83295,3.6124601,39.54634
387.5266,524.9036,20.672848,39.208405
358.89325,451.6955,19.595625,41.6408
381.17624,248.61899,13.250327,42.155525
406.77017,386.62735,2.7809615,38.72127
345.08426,387.32034,17.71451,32.24664
382.91907,558.0051,20.892134,40.93473
324.9828,421.51508,17.033052,31.339378
344.07532,401.84113,17.77293,32.019814
386.23868,288.39862,11.208628,41.61992
387.75592,636.1878,14.933128,45.629223
394.7107,420.88138,16.54949,43.603474
367.7605,571.5985,14.448368,38.288563
347.2134,404.26434,17.977285,32.144592
378.4108,622.478,19.31965,43.884514
407.08817,402.81366,0.4250872,39.307034
372.62726,627.772,16.033401,41.568638
378.22177,610.81104,18.873852,41.706383
386.14908,614.5995,9.82114,45.107826
374.9665,633.9432,11.364385,44.42907
345.2834,397.14255,18.114815,32.306885
345.21683,396.8955,17.843935,32.12458
352.38046,374.3245,18.085516,32.619823
347.9704,369.51587,17.637154,32.566074
358.93817,602.6062,12.554518,38.595924
417.72937,444.0165,-0.2738011,39.642986
384.39133,370.47592,4.7392955,40.933304
337.3496,395.20627,17.801645,32.053852
331.76172,375.2709,17.180708,31.790434
330.41653,386.30566,16.993017,31.628141
337.67834,387.87274,17.441347,32.076237
402.24048,338.23462,1.1502182,39.01032
346.73926,402.63388,17.896404,32.003426
363.2162,511.08087,20.9167,41.337357
339.02072,405.91092,17.532803,31.772272
353.51767,440.20358,19.511593,38.305202
359.60678,392.42764,18.500572,33.514008
379.89514,254.29803,3.6197338,39.08135
384.76688,288.3471,2.12317,39.116985
390.3284,529.7166,10.9921055,44.620926
367.29306,645.08325,12.804766,41.432793
352.30133,378.87152,17.602692,33.483334
390.67123,312.94577,2.7728038,38.684715
386.2075,302.0497,4.561759,39.018394
373.74097,547.8712,16.249413,37.854073
370.01584,648.4684,13.199434,43.627346
396.27628,333.38406,12.770152,42.579914
387.29218,497.12015,20.86588,38.996803
400.23563,487.83807,4.4491153,42.322884
338.23468,392.59814,17.173254,31.852175
397.97308,335.50122,2.4481506,38.855297
381.52277,457.31433,20.345049,37.6015
348.2867,384.86627,17.864521,32.397194
378.03894,277.1981,14.528717,41.892784
386.74713,295.3141,1.8674827,39.285797
373.0306,489.27673,20.57154,39.198357
372.32538,272.27014,15.218,41.565918
376.89087,562.67194,20.765484,41.608593
375.61227,668.819,10.40242,43.896717
319.4983,408.24326,16.613295,31.152052
346.5673,379.73868,17.749249,32.520763
379.20444,628.6839,16.987701,41.306087
354.87415,385.34003,17.878292,33.170124
389.4215,298.44012,2.4977798,38.779045
345.11447,393.20364,17.7518,32.2976
380.36188,255.57378,14.193072,42.261047
349.11215,369.26627,17.750687,32.364193
392.3295,497.7919,12.312862,44.647755
343.47537,370.11255,16.928139,32.10323
338.36502,436.74405,16.039618,33.57094
332.91208,394.41544,17.411804,31.90883
398.1001,351.96933,3.6461701,38.841457
383.73502,304.29337,4.8701553,39.043903
306.97333,92.22323,14.542229,39.849808
391.84857,529.5498,17.232943,44.36287
356.76755,471.8884,20.329668,39.251335
387.38882,547.6558,9.271077,43.975983
332.18088,430.0597,17.190722,31.531101
330.7003,371.944,16.928944,32.11578
376.41095,644.09644,17.474548,43.56416
383.9255,250.03693,11.251604,41.718513
358.6719,458.27615,19.123106,42.2917
394.76755,625.2153,8.718742,45.289646
391.77695,299.1357,2.6146493,39.165707
383.84763,654.7713,15.884722,45.41443
388.84454,506.00717,20.367682,38.451675
353.8282,371.2174,17.294514,33.33786
325.35858,404.31064,16.866257,31.437445
385.6256,291.83517,3.703093,38.834698
374.1426,652.61053,16.079933,43.295425
390.11368,552.7025,15.922535,44.561996
401.0994,702.0852,7.1389556,45.216236
388.51215,501.3608,20.81895,38.283436
357.2861,454.58014,20.045017,41.39833
382.4003,271.52863,14.166598,42.24451
410.56445,435.26077,-0.19944489,39.93964
386.8011,263.98917,13.762306,42.266426
381.08197,507.98773,20.869009,39.67585
388.75903,377.7205,8.9029045,42.45778
330.509,351.9667,15.531347,32.901283
334.84402,429.91476,15.882684,33.55207
380.21454,295.66992,5.103405,38.73833
384.1141,433.39838,7.1120124,42.244965
324.3558,381.67465,16.811163,31.545658
380.69397,579.0245,17.410751,39.571434
402.7295,355.40964,0.99419594,39.132374
340.74658,411.45755,17.976437,32.181927
396.53635,311.8634,1.5290129,39.052006
377.67935,254.26622,3.571536,38.856
385.24435,286.62918,2.220829,39.23689
392.66064,481.82492,11.368084,44.202545
387.7008,493.7125,9.606939,44.023167
350.20465,374.01724,17.83438,32.591747
385.28964,258.2392,9.190606,41.091434
347.1137,385.3244,17.901001,32.37444
374.80145,652.5991,13.299117,44.77819
368.8714,409.31595,18.964825,35.188686
369.24902,257.8192,15.21584,41.412872
378.56155,249.73163,8.316507,40.560596
378.5676,476.179,20.533056,37.814144
333.4846,399.19504,17.34378,31.738178
392.67365,313.81088,2.0513692,38.68616
309.6859,346.99615,17.264214,37.723545
365.54895,403.67136,18.755789,34.360485
374.94446,586.02435,20.424889,42.84212
380.8268,280.0629,6.220989,39.653088
347.75687,385.18707,18.044502,32.834953
360.0074,666.7372,10.828711,39.981415
371.64243,667.1722,11.231284,43.693184
358.454,385.12054,18.005373,33.451633
376.27112,266.35568,7.5238204,39.903324
379.94382,255.31177,7.5999045,40.140972
376.3592,484.32608,20.75233,38.087826
394.98413,412.35147,11.780949,43.391644
387.31445,293.82388,3.0725245,38.8878
332.16882,291.95425,16.564152,39.402958
344.33093,382.85754,17.854998,32.5488
374.70404,222.83026,14.83659,42.590813
393.52966,350.9659,4.5536423,38.78827
381.2884,471.89944,20.514715,38.478165
380.10764,228.13823,13.402013,42.651894
340.1469,397.81955,17.062122,32.87934
390.21292,267.45053,14.379318,42.78843
397.39594,325.72784,2.440519,39.10665
385.76962,567.13947,9.655031,44.81848
314.63837,403.02542,15.121328,32.31564
330.79507,353.8737,15.664099,32.434353
338.08923,382.88577,17.453747,31.984907
348.30002,376.30328,18.02952,32.44867
358.5198,475.06534,19.967203,41.608353
367.33224,665.7299,11.616798,43.16251
382.77402,266.77512,3.1850193,39.12166
394.06863,591.10126,14.713035,45.510376
386.26114,607.60596,10.174159,45.37957
387.1346,513.8285,20.992332,39.72437
393.6157,274.89246,12.76313,42.429615
337.25558,407.48627,17.367386,31.645699
360.02625,284.0063,16.28754,40.845837
343.59204,405.46304,16.89787,31.984901
367.35852,510.81467,20.183212,42.63166
347.70508,533.13715,12.7348995,36.52178
334.74417,377.229,17.076025,31.972256
359.6679,453.2963,19.30047,42.13711
348.5754,370.07205,17.149506,32.74474
391.52792,307.86624,1.9378376,38.87641
347.38577,403.94714,18.025743,32.27684
384.24838,489.47946,20.030434,38.701138
339.96506,393.42114,18.265993,37.27059
344.14203,409.7086,18.19376,32.118683
337.8538,391.36255,17.294538,31.994034
383.43893,280.75653,2.976097,39.22103
338.5281,391.82547,17.268082,31.807016
367.8642,539.7473,16.54692,37.214397
404.75024,665.6596,6.694563,45.143665
402.60205,341.14484,1.1450422,39.02631
423.45868,463.02454,2.5069902,39.179466
383.85687,386.9443,5.6226583,41.91313
404.84506,357.80478,1.5527385,38.954803
397.76367,611.84973,8.180805,45.29041
371.95627,412.38403,19.071806,35.045002
380.54242,215.52342,12.096682,42.476074
379.87375,618.2227,18.263744,41.889736
381.32007,269.60742,3.1523356,38.81768
383.76132,262.3588,8.716043,40.888565
389.658,327.79825,4.3316135,38.69487
364.03604,671.97205,11.673312,41.31335
388.79645,307.6247,4.059102,39.067596
378.56674,683.3996,10.974606,44.347454
344.68115,401.9977,17.490715,31.894787
394.7361,470.93454,16.258877,43.998623
353.4888,407.8675,18.847446,37.051533
375.87863,646.7887,16.533049,43.47999
381.4944,254.32516,14.100848,42.10429
380.30167,262.52087,3.2828116,38.83823
371.7762,634.8265,17.06419,42.519924
362.19434,522.2157,20.757284,41.586384
382.5214,258.16766,7.0196795,39.720478
382.02454,267.49512,7.1118813,39.907825
338.00473,383.49655,16.608582,32.0526
424.8129,492.14844,-1.0454541,40.234077
385.6538,699.63226,9.17613,44.504436
387.3513,269.12888,12.1237545,41.964367
378.00638,631.0064,14.990509,44.033573
388.31216,292.2982,2.410253,38.79422
382.36215,286.43604,5.433899,39.58705
335.4711,388.1987,17.300488,31.86429
390.59476,308.63303,12.793358,42.15254
358.7246,375.44467,17.992092,33.27087
345.9819,403.52332,17.914564,32.492188
362.6724,482.9476,19.7603,42.06723
386.8375,320.01108,4.7983127,39.04755
346.17706,403.33966,17.1959,31.818354
393.45532,316.01398,1.5556991,38.743
387.3937,299.48032,2.8219473,38.75089
387.11215,413.5835,5.3088818,41.69504
427.7319,482.88815,2.1715498,39.148197
338.0861,229.77924,15.763721,39.68681
386.61505,291.39664,2.569102,38.768734
377.05652,274.73624,5.8916483,39.050686
342.19867,435.72583,19.160568,39.611774
363.18195,591.958,14.235971,38.71711
383.9422,286.2889,3.8154438,39.11358
382.8592,281.09558,6.7425175,40.409874
354.16782,503.52185,15.168571,35.875557
316.24423,386.5023,16.415995,31.45425
391.2716,306.8743,2.3022203,38.636612
348.21848,391.3987,17.471418,32.053593
378.72247,551.30133,21.217192,41.62765
382.3916,317.66614,3.742684,40.251366
348.676,410.00037,17.708027,33.53601
345.71103,402.843,17.901308,32.27132
403.3593,650.7019,6.5942955,44.51572
391.98093,486.36526,12.078552,44.10021
342.5541,395.53552,17.724869,32.11592
386.5372,314.71747,4.0511565,38.549248
387.3256,350.83868,3.2667255,40.463356
376.0554,230.6912,13.015437,42.17508
383.44516,257.7184,10.752863,41.76266
409.941,420.66406,3.6940646,38.83778
398.2067,424.5143,3.3647559,41.115273
414.33502,406.05698,1.8744743,39.27038
277.8652,104.61867,13.361816,36.462677
382.62228,263.0479,6.6221213,39.75486
345.34128,399.91428,17.858322,32.371235
380.4236,653.68866,17.38937,44.271152
353.0808,471.63815,20.026026,39.96815
320.34915,453.0107,14.332769,33.8605
382.74405,241.34746,11.1159,41.735966
346.32547,456.54224,19.610054,40.701424
374.08493,571.6671,19.96742,41.50584
386.98972,296.50568,3.3514147,38.786507
377.2789,598.04913,17.397911,39.931774
394.9789,376.03024,2.192404,39.957447
391.9946,320.3201,14.468603,42.48086
365.7159,470.6367,17.29821,35.456203
343.19742,574.624,12.4813,37.335163
359.0668,380.47388,17.458208,41.679184
354.818,375.55533,17.842054,32.95518
346.22214,394.07635,16.963055,32.151474
349.41595,251.39633,15.874658,40.7183
346.46902,355.64468,16.71694,33.201138
389.1911,524.6724,7.905367,43.66395
345.1065,383.8987,17.970772,32.31335
348.28488,392.40906,18.10258,32.919117
394.6876,399.0109,3.0088627,40.713734
374.743,624.2905,11.280011,44.29184
346.7543,386.6267,17.787474,32.3374
378.5059,255.53024,4.8879337,38.930935
389.7086,463.14777,5.6118355,42.004753
392.78506,303.20728,11.427929,41.83343
350.568,376.1906,17.777807,32.129467
385.54443,294.01382,2.4357705,39.48752
337.5117,399.38315,17.715145,32.030266
389.68808,299.284,9.785133,41.371597
395.28162,327.94528,2.1895661,39.147182
366.62665,532.94025,20.433151,41.988453
371.47174,216.50691,14.606821,42.143833
358.48105,326.35,16.787977,41.259052
390.9051,334.45642,2.3221512,39.859722
387.67667,437.733,16.794575,43.030594
349.76904,171.61092,14.593409,40.783836
344.97928,377.0187,17.77838,32.5256
380.78583,259.43857,3.1934025,39.27254
333.01468,432.7119,14.842245,33.76902
348.61295,384.70676,17.735226,32.07064
393.99445,490.68564,18.039064,44.199562
360.64688,230.254,15.016002,41.289986
376.57214,583.37854,20.625061,42.73072
371.4717,578.7235,21.070892,43.08837
381.09375,312.8846,15.829418,42.135372
361.86414,623.3596,12.2098255,39.728504
311.58682,153.0485,14.817505,38.6894
385.66904,631.00525,17.883112,44.967293
387.20956,266.68793,7.8209186,40.49097
370.3461,658.8236,13.045263,43.602295
354.2042,386.62064,18.203478,33.01635
379.02655,291.59583,4.9786882,38.850807
383.50076,273.21173,8.123074,40.408493
412.732,427.28268,0.0410074,39.41273
384.2209,582.8498,19.59082,40.75115
376.90222,254.57053,14.474985,41.890694
409.4332,417.52478,3.94323,38.973904
336.37787,363.6344,18.060108,40.05663
400.36502,362.18625,2.9786434,38.879494
403.6526,366.77264,1.5911806,38.987938
322.1473,388.5847,16.2752,31.592249
382.07272,269.9609,2.893824,39.57984
384.47592,318.49918,6.8952093,41.032913
374.92065,565.1626,21.126244,42.947334
390.26477,303.5944,2.4280765,38.747734
395.45044,700.7276,7.64714,45.00628
381.11203,252.65025,5.796324,39.71975
362.17432,170.54733,13.537358,41.553593
368.2275,640.6827,14.668167,41.717194
380.0846,645.43304,16.20446,45.074318
375.63306,575.8967,20.231945,42.111332
373.36426,420.9954,18.085566,42.257523
408.31693,384.11124,0.41609168,39.00654
381.4073,252.65865,8.892477,40.793
386.52112,319.72778,4.788368,38.89346
380.81116,637.0026,12.390175,45.45301
356.47366,339.36133,17.344566,41.48145
392.40576,307.36136,1.6542441,38.748726
284.33127,113.19263,14.020458,37.426983
343.84528,455.3467,15.748754,34.499382
348.1147,376.6122,17.87263,32.210663
386.86267,626.42786,10.625774,45.02642
393.8653,429.7282,4.493224,41.65327
394.59888,657.6533,8.702089,45.39752
337.2308,387.17014,17.462528,31.96193
379.73495,255.91486,3.309403,39.22162
391.40146,308.23138,13.763847,42.54768
358.29575,500.87555,20.401272,41.52688
381.39847,682.7574,10.058579,44.59895
374.352,585.33624,19.675896,42.21848
371.24823,550.6112,20.040886,42.765102
255.91441,123.74601,13.860428,35.876846
406.81696,378.30164,0.13207018,39.187546
289.9104,256.3461,15.808294,36.731438
395.19534,467.14352,13.668442,44.0521
421.368,426.82483,-0.12068212,39.483856
374.4965,435.53763,19.68497,36.762077
381.35257,282.88837,6.100554,40.25787
358.61096,558.88837,13.617469,37.47198
327.86533,377.83936,18.118507,37.480576
379.64584,503.33865,18.927134,37.174587
386.21533,267.78333,13.837603,42.336735
280.86426,149.16266,14.042501,36.277145
302.30844,118.01342,14.259235,38.38805
306.91165,330.95285,17.177229,37.99408
410.3958,396.98782,0.18966496,39.310772
343.6924,414.9428,17.93003,31.917027
356.48163,440.8455,19.53932,37.997345
359.4514,496.8066,20.054533,41.56568
373.32974,444.38477,19.76266,35.87992
395.74072,315.2167,2.1373777,38.90072
391.2356,640.80664,9.273155,45.360893
384.8043,257.14175,6.229372,39.95591
402.3597,336.98196,0.98584294,39.05473
377.1279,604.2088,17.567734,43.378887
332.99298,348.95468,15.760597,33.238434
324.13394,151.10469,15.426409,39.980053
385.0603,284.50342,7.8595123,40.83538
342.05466,246.63724,16.003763,39.829174
347.1486,502.14447,14.36474,35.727108
384.5023,272.01526,7.0867753,40.035805
364.29803,389.256,18.288116,34.2229
369.54788,455.3332,19.933823,37.150948
385.30988,281.51062,7.7772098,40.29633
386.4473,308.00766,3.7218285,38.810677
347.6195,388.3052,18.112967,32.731106
385.39963,231.2752,12.892061,42.777554
395.80725,627.23456,8.46695,44.91609
383.627,372.3759,7.4520264,41.88037
